Sport ,Game,Date,
Cross Country,Wooster Invitational,1-Sep,
Cross Country,NCAC Preview, September 09,
Cross Country, All-Ohio Intercollegiate Cross Country Challenge, September 15,
Cross Country, Denison Dual Meet, September 21,
Cross Country,Daniel Mullen Memorial Invitational, September 30,
Cross Country, JennaStrong Fall Classic, October 13,
Cross Country,NCAC Championships, October 28,
Cross Country, Wooster Twilight 5K Challenge, November 03,
Cross Country, NCAA Div. III Regionals, November 11,
Men's Soccer,Trine,FRI 01,
Men's Soccer, Case Western Reserve, SUN 03,
Men's Soccer, Westminster (Pa.), THU 07,
Men's Soccer, John Carroll, SAT 09,
Men's Soccer, Heidelberg, TUE 12,
Men's Soccer, Alma, SAT 16,
Men's Soccer, Albion, SUN 17,
Men's Soccer, Baldwin Wallace, WED 20,
Men's Soccer, Mount Union, WED 27,
Men's Soccer, Oberlin, SAT 30,
Men's Soccer, Hiram, WED 04,
Men's Soccer, Wittenberg, SAT 07,
Men's Soccer, Kenyon, TUE 10,
Men's Soccer, Wabash, SAT 14,
Men's Soccer, Ohio Wesleyan, SAT 21,
Men's Soccer, Denison, TUE 24,
Men's Soccer, DePauw, SAT 28,
Football,Wilmington,SAT 02,
Football, Olivet,SAT 09,
Football, Ohio Wesleyan,SAT 16,
Football, Kenyon,SAT 23,
Football, Wabash,SAT 07,
Football, DePauw,SAT 14,
Football, Denison,SAT 21,
Football, Hiram,SAT 28,
Football, Oberlin,SAT 04,
Football, Wittenberg,SAT 11,
Swimming,Kenyon Relays,14-Oct,
Swimming, Malone,28-Oct,
Swimming, Mount Union,4-Nov,
Swimming, Westminster,11-Nov,
Swimming, Ashland,18-Nov,
Swimming, Wooster Invitational,"November 30, December 01, December 02",
Swimming, Ohio Northern,12-Jan,
Swimming, Ohio Wesleyan,20-Jan,
Swimming, Notre Dame College,26-Jan,
Swimming, Oberlin/Hiram,3-Feb,
Swimming, NCAC Championships,"February 14, February 15, February 16, February 17",
Swimming, Kenyon Fast Chance Meet,24-Feb,
Men's Golf,Gatorade Collegiate,"September 02, September 03",
Men's Golf, Westfield Invitational,"September 18, September 19",
Men's Golf, Mount Union Fall Invitational,"September 23, September 24",
Men's Golf, John DiCillo Invitational,9-Oct,
Men's Golf, Wittenberg Fall Classic,"October 15, October 16",
Men's Golf, NCAA Div. III Region 5 Preview,"October 23, October 24",
Women's Golf,Lynn Schweizer Invitational,,"September 02, September 03"
Women's Golf, Mount Union Fall Invitational,, September 10
Women's Golf, Westfield Invitational,," September 18, September 19"
Women's Golf, Eva Shorb Weiskopf Invitational,," October 01, October 02"
Women's Golf, John Carroll Fall Invitational,," October 07, October 08"
Women's Golf, Wittenberg Fall Classic,," October 15, October 16"
Men's Basketball,Rochester,FRI 10,
Men's Basketball, Rowan,SAT 11,
Men's Basketball, Rose-Hulman,FRI 17,
Men's Basketball, TBA,SAT 18,
Men's Basketball, Mount Union,WED 22,
Men's Basketball, Ohio Wesleyan,WED 29,
Men's Basketball, Denison,SAT 02,
Men's Basketball, DePauw,SUN 10,
Men's Basketball, Suffolk,TUE 19,
Men's Basketball, TBD,WED 20,
Men's Basketball, Edgewood,FRI 29,
Men's Basketball, TBA,SAT 30,
Men's Basketball, Kenyon,WED 03,
Men's Basketball, Wabash,SAT 06,
Men's Basketball, Hiram,WED 10,
Men's Basketball, Wittenberg,SAT 13,
Men's Basketball, Oberlin,WED 17,
Men's Basketball, Denison,SAT 20,
Men's Basketball, Ohio Wesleyan,WED 24,
Men's Basketball, DePauw,SAT 27,
Men's Basketball, Kenyon,SAT 03,
Men's Basketball, Oberlin,WED 07,
Men's Basketball, Wittenberg,SAT 10,
Men's Basketball, Hiram,WED 14,
Men's Basketball, Wabash,SAT 17,
Volleyball,Berea,FRI 01,
Volleyball, Asbury,SAT 02,
Volleyball, Lynchburg,SAT 02,
Volleyball, John Carroll,WED 06,
Volleyball, Olivet,FRI 08,
Volleyball, St. Mary's (Ind.),FRI 08,
Volleyball, Alma,SAT 09,
Volleyball, Caltech,FRI 15,
Volleyball, Pitt.-Bradford,FRI 15,
Volleyball, Saint Vincent,SAT 16,
Volleyball, Bluffton,WED 20,
Volleyball, Hiram,SAT 23,
Volleyball, DePauw,SAT 30,
Volleyball, Otterbein,SAT 30,
Volleyball, Denison,SAT 07,
Volleyball, Oberlin,WED 11,
Volleyball, Westminster (Pa.),SAT 14,
Volleyball, Allegheny,SAT 14,
Volleyball, Ohio Wesleyan,WED 18,
Volleyball, Kenyon,SAT 21,
Volleyball, Wittenberg,TUE 24,
Volleyball, Bluffton,SAT 28,
Volleyball, Earlham,SAT 28,
Volleyball, Case Western Reserve,SAT 04,
